5436789326,2014-05-19 11:3:56
5436789324,2014-04-19 9:21:47
5436789327,2014-05-16 20:14:5
5436789329,2014-05-06 12:2:6
5436789330,2014-05-15 10:28:14
5436789328,2014-04-03 22:11:35
5436789325,2014-05-10 7:26:57
5436789331,2014-04-02 5:47:27
5436789336,2014-05-01 8:24:35
5436789332,2014-05-27 20:14:53
5436789333,2014-04-19 15:31:40
5436789335,2014-04-01 20:3:28
5436789334,2014-04-26 9:0:33
5436789337,2014-04-02 22:8:46
5436789343,2014-04-08 3:9:37
5436789340,2014-05-17 20:6:36
5436789344,2014-04-11 15:3:54
5436789342,2014-04-23 18:40:8
5436789338,2014-04-20 23:26:17
5436789341,2014-05-11 3:49:17
5436789339,2014-05-28 8:5:41
5436789351,2014-04-02 15:17:57
5436789349,2014-05-08 2:17:41
5436789345,2014-04-15 23:3:49
5436789350,2014-05-20 9:33:45
5436789346,2014-04-18 18:44:21
5436789348,2014-05-30 12:28:39
5436789347,2014-04-21 10:35:37
5436789357,2014-04-03 11:6:57
5436789353,2014-04-03 2:56:0
5436789355,2014-04-19 20:35:26
5436789358,2014-05-23 17:42:46
5436789354,2014-04-09 6:32:15
5436789352,2014-04-17 16:59:16
5436789356,2014-04-18 17:38:6
5436789361,2014-05-09 18:42:3
5436789359,2014-04-01 14:17:44
5436789364,2014-05-01 18:52:55
5436789363,2014-05-25 17:8:54
5436789362,2014-04-14 0:0:39
5436789365,2014-05-03 11:41:11
5436789360,2014-04-08 4:49:37
5436789367,2014-05-25 19:45:25
5436789372,2014-05-24 9:33:40
5436789368,2014-05-10 19:2:52
5436789370,2014-05-28 5:50:13
5436789366,2014-04-17 23:10:9
5436789369,2014-05-03 19:47:29
5436789371,2014-05-16 22:35:2
5436789375,2014-04-07 3:9:37
5436789374,2014-05-21 6:24:0
5436789376,2014-05-05 15:19:11
5436789379,2014-05-11 12:15:47
5436789377,2014-04-01 16:27:49
5436789378,2014-04-08 17:12:37
5436789373,2014-04-23 9:22:51
5436789382,2014-05-03 5:40:49
5436789383,2014-05-15 13:17:23
5436789385,2014-04-05 15:11:30
5436789380,2014-05-09 18:19:48
5436789384,2014-05-31 10:37:19
5436789386,2014-04-12 20:4:18
5436789381,2014-04-11 22:3:58
5436789392,2014-04-12 5:43:20
5436789387,2014-04-10 16:30:39
5436789393,2014-04-02 23:20:29
5436789389,2014-04-22 20:55:33
5436789390,2014-05-12 1:38:4
5436789388,2014-05-15 3:41:25
5436789391,2014-05-08 17:58:25
5436789396,2014-04-02 7:47:15
5436789394,2014-05-02 21:59:44
5436789397,2014-04-14 0:20:34
5436789400,2014-04-14 19:49:4
5436789398,2014-04-08 16:25:10
5436789399,2014-04-02 15:53:10
5436789395,2014-04-08 13:52:22
5436789403,2014-05-30 7:25:17
5436789404,2014-04-22 12:35:29
5436789405,2014-05-14 22:44:58
5436789407,2014-04-28 5:19:43
5436789406,2014-04-25 14:2:29
5436789402,2014-05-27 0:19:59
5436789401,2014-05-18 2:56:46
5436789414,2014-05-09 11:40:7
5436789409,2014-04-16 0:31:1
5436789408,2014-05-17 1:24:28
5436789412,2014-04-21 20:8:58
5436789411,2014-05-06 12:58:11
5436789413,2014-04-30 18:30:53
5436789420,2014-05-30 9:37:44
5436789418,2014-04-19 10:55:12
5436789415,2014-04-28 8:27:43
5436789419,2014-05-23 11:52:26
5436789421,2014-05-05 6:51:58
5436789416,2014-05-05 2:15:40
5436789427,2014-04-07 22:37:25
5436789422,2014-04-03 3:28:44
5436789425,2014-05-02 14:12:57
5436789426,2014-04-09 14:19:31
5436789424,2014-05-05 21:15:39
5436789423,2014-05-17 20:18:4
5436789428,2014-05-14 18:42:9
5436789430,2014-04-09 10:39:53
5436789429,2014-05-30 16:13:37
5436789432,2014-04-29 20:35:42
5436789435,2014-04-12 20:23:27
5436789431,2014-05-19 11:8:16
5436789434,2014-05-08 14:27:59
5436789433,2014-05-08 11:27:2
5436789441,2014-04-11 6:9:18
5436789437,2014-05-24 8:52:9
5436789442,2014-04-03 1:19:56
5436789440,2014-04-15 9:48:18
5436789439,2014-05-20 13:10:28
5436789438,2014-05-19 22:49:36
5436789436,2014-04-22 4:14:50
5436789447,2014-04-25 15:20:59
5436789449,2014-04-17 4:35:35
5436789446,2014-04-09 1:51:29
5436789443,2014-04-10 3:33:48
5436789444,2014-04-12 22:59:16
5436789445,2014-04-14 23:44:34
5436789448,2014-05-10 7:55:31
5436789455,2014-05-19 4:47:45
5436789451,2014-05-11 16:12:24
5436789454,2014-04-25 9:15:19
5436789452,2014-05-23 12:36:35
5436789453,2014-04-25 11:31:59
5436789456,2014-04-01 9:40:28
5436789450,2014-04-09 7:30:58
5436789459,2014-04-18 14:55:34
5436789457,2014-04-17 8:22:16
5436789461,2014-04-25 19:0:11
5436789463,2014-04-05 22:3:9
5436789462,2014-05-29 4:9:31
5436789458,2014-04-30 1:18:4
5436789460,2014-05-05 9:1:30
5436789465,2014-05-07 18:40:8
5436789464,2014-05-09 1:54:56
5436789469,2014-05-08 3:24:38
5436789470,2014-05-12 18:13:4
5436789468,2014-05-10 5:59:3
5436789466,2014-05-19 1:40:33
5436789467,2014-04-14 17:44:18
5436789475,2014-04-12 2:47:55
5436789473,2014-04-11 15:45:30
5436789474,2014-05-15 15:8:14
5436789472,2014-05-23 3:26:40
5436789477,2014-05-04 20:54:43
5436789476,2014-05-26 5:44:8
5436789471,2014-05-09 5:32:13
5436789480,2014-04-13 2:45:50
5436789481,2014-04-04 8:1:57
5436789478,2014-05-03 13:49:23
5436789484,2014-04-05 3:56:9
5436789479,2014-05-16 8:39:52
5436789482,2014-05-13 19:40:44
5436789483,2014-05-23 12:59:10
5436789486,2014-04-12 7:8:7
5436789485,2014-04-29 23:6:54
5436789489,2014-05-01 20:51:52
5436789490,2014-05-01 7:54:45
5436789487,2014-04-03 13:21:25
5436789491,2014-05-19 6:16:20
5436789488,2014-04-06 3:19:29
5436789494,2014-04-29 3:57:17
5436789496,2014-05-02 20:25:57
5436789495,2014-04-21 5:28:4
5436789498,2014-04-18 19:16:42
5436789497,2014-05-09 8:26:57
5436789492,2014-04-26 15:53:19
5436789493,2014-04-17 8:10:23
5436789502,2014-04-27 3:4:6
5436789504,2014-04-30 19:50:52
5436789503,2014-05-22 0:45:41
5436789501,2014-05-20 11:53:33
5436789499,2014-05-02 17:24:19
5436789500,2014-05-20 7:4:56
5436789505,2014-04-02 8:11:49
5436789512,2014-04-05 14:6:20
5436789507,2014-05-28 18:3:44
5436789511,2014-05-07 15:23:58
5436789517,2014-05-12 4:7:51
5436789518,2014-04-16 17:19:11
5436789515,2014-04-08 2:27:42
5436789513,2014-04-11 15:30:49
5436789519,2014-05-22 6:50:33
5436789516,2014-04-15 5:14:27
5436789514,2014-05-29 22:48:2
5436789524,2014-04-03 16:49:59
5436789520,2014-05-25 8:31:39
5436789521,2014-04-24 3:4:4
5436789522,2014-05-26 2:29:29
5436789525,2014-04-07 22:53:55
5436789523,2014-04-28 14:35:21
